id,name,email
ca83cedb-a459-42cd-953f-19b8cbb0b0fc,Romy Kasman,rkasman0@chicagotribune.com
43392862-b14c-4a89-8764-f44df0471da7,Jonas Andresen,jandresen1@uol.com.br
57ecae95-e93f-4a05-b25f-7ef5badf0f89,Caterina Rylett,crylett2@hhs.gov
1bed85b5-a111-40d4-b43a-af2ecf91c58a,Ricardo Feavearyear,rfeavearyear3@apple.com
b83da60f-31cf-419f-843a-45f32948fabd,Reeta Deny,rdeny4@smh.com.au
b4c5de09-4a2e-45b2-8080-596fa7b9ef32,Tallulah Brownsall,tbrownsall5@yandex.ru
5fd52b86-cc0c-45d2-a3b2-d747482298ba,Kimmi Lambourne,klambourne6@netlog.com
f3a69381-f597-4b8d-896d-956b605493a1,Marchelle Rigts,mrigts7@biblegateway.com
36ac054b-dce8-4835-8d14-03bba4c7a082,Margaretha Collisson,mcollisson8@reference.com
fc64ca3a-acc1-4d81-a050-3f332a9a01d4,Brook Illes,billes9@prweb.com
451886c2-d5c8-4d4f-be5c-e922ad40ba04,Morgan Sasser,msassera@google.com.hk
9a37694e-67ec-4062-a74c-078186e1a968,Herrick Apdell,hapdellb@wordpress.org
847bf172-88c3-45e8-b478-ca44e6240b42,Bab Mallett,bmallettc@reddit.com
9c19658b-2d3c-4222-b9bd-724042f10abb,Trenna Tortice,ttorticed@soundcloud.com
50d31bc1-dc12-4f5c-a93f-65d5291f1812,Jennee Marchiso,jmarchisoe@trellian.com
11288efd-db75-4756-bf69-61f5fd632109,Clarie Willingham,cwillinghamf@wunderground.com
3e789250-cee9-4c14-a01c-37fc041f0483,Min Verillo,mverillog@zdnet.com
586277b8-2a0e-4ea4-9660-873620bc9dc1,Jeffrey Grissett,jgrissetth@t-online.de
15f5cc45-ce59-4cdc-b8a8-d6cfe889f6a6,Jilleen Tutin,jtutini@google.cn
a961a893-8fae-4c33-98c8-7fbd7e405243,Bald Keeri,bkeerij@eventbrite.com
e824e166-5408-4752-a985-eeb6202fed60,Dionis Dionisetti,ddionisettik@ftc.gov
85960a13-b1f7-4745-a63b-afa631c204be,Avis Semple,asemplel@addthis.com
a73e3246-fb4e-40e4-8dff-a682d64e35f0,Elisa Burrus,eburrusm@boston.com
0b3cc89d-3993-47f3-b604-6e2a0225fa90,Fairleigh Eva,fevan@bravesites.com
4a8518c2-2cf4-45e5-b16e-b3216e9fb14f,Shelli Brownlie,sbrownlieo@wikipedia.org
dbf0ff4b-c27b-47c0-8cc2-e21e382a3da5,Hamish Staries,hstariesp@fda.gov
edaa6268-208e-4f64-8ae3-1afcee4b323d,Norbie Clutheram,nclutheramq@surveymonkey.com
d7db8fbe-f352-409a-8c64-0956b6379669,Matteo Moneypenny,mmoneypennyr@netlog.com
66a8a1c2-c2a7-49a0-ac84-f1eee9c970d7,Nixie Wenderoth,nwenderoths@shutterfly.com
3f850f1a-c38d-4de6-b601-13a137e2dac2,Averyl Thornber,athornbert@flickr.com
5579d825-3f40-47df-9c94-c02090f5f219,Mart Yard,myardu@springer.com
35e63ba8-3399-45ef-abf1-95eaba9dfeea,Matty Grafom,mgrafomv@shutterfly.com
33c29b4a-6bcf-4157-b3cb-6d62fb0ebab1,Antonin Cathro,acathrow@google.es
875ab4d7-a705-49b0-9d5e-35045ec0cc69,Gale Kinman,gkinmanx@google.pl
5dfb180e-932a-459c-be03-1a409be5f280,Brnaby Cosley,bcosleyy@cnbc.com
9a443508-a32c-445c-941f-dadfe608df9f,Kaela Krzyzaniak,kkrzyzaniakz@shinystat.com
4efc18af-45d5-4c59-aa5f-d6cdd5ece425,Rosalia Pearne,rpearne10@epa.gov
6b914b5e-af9b-4260-81a6-c55e10f4b658,Ange Crellim,acrellim11@indiatimes.com
003cb73d-1974-411e-9dcd-d3386749bd69,Catherin Ivakhin,civakhin12@businesswire.com
c412ca60-6ac8-4e70-937f-e7c9305f5ffd,Barb Bentje,bbentje13@bravesites.com
a5b83cf1-d76c-414e-88b3-2e5178630e0d,Truman Linnett,tlinnett14@sciencedaily.com
74fe2965-68c6-49dd-acca-02749160e936,Con Blackaller,cblackaller15@reddit.com
6ef5fbf0-0825-4a80-96e9-da79ebd5d095,Betty Rozsa,brozsa16@github.com
1d382a6f-b10f-43b8-89f8-6f0200aa2e52,Phyllida Bolle,pbolle17@ed.gov
b07a9446-1cee-4e93-822b-2492349df945,Quinton Attwooll,qattwooll18@privacy.gov.au
768cc389-b733-46dc-bf1d-662e4c9de6e7,Gabbie Scrancher,gscrancher19@tamu.edu
15449dfd-981a-4aa1-a52a-80369403c388,Morna Burbridge,mburbridge1a@ucoz.ru
d78a6020-5aca-40be-bae4-2349e9d40dd4,Ulrika Craggs,ucraggs1b@photobucket.com
426743fa-8440-4db0-8408-4fce7b5c3b5d,Robina Critchley,rcritchley1c@cnbc.com
21d49299-6b3f-431c-8e05-7e9c6c7f9de9,Hermine Roache,hroache1d@ucsd.edu
25ec297b-eec2-4b2c-ae88-4c07613c3a3f,Ynez Lambarton,ylambarton1e@businesswire.com
4df4e46f-e39b-4619-b64f-6825d9669e72,Lorenza Vasilov,lvasilov1f@umich.edu
e8dc76c6-e834-4ea4-b97c-441c7d2a3b62,Erda McLice,emclice1g@un.org
e71f3c14-8978-4f13-8a1f-98903d0688d2,Marice Gauford,mgauford1h@ameblo.jp
44946ab3-451a-446f-964c-e3786ac58d47,Clemmy Edsall,cedsall1i@loc.gov
f4140e87-25c0-4381-b430-411834ba4ba0,Grata Burhouse,gburhouse1j@ucoz.com
de2a166b-98db-4de9-b447-c60f5e73a45b,Minor Krauss,mkrauss1k@reference.com
2ffad5e7-4646-4abb-9074-30f65b44af2f,Goddart Kas,gkas1l@house.gov
0b27a216-cdd6-4051-bd1c-87da89486ef8,Deanna Bartolomeu,dbartolomeu1m@illinois.edu
39e8eb15-77a9-44f6-8285-11202affc555,Lavinia Blowing,lblowing1n@census.gov
b3c3078f-3e3c-4b18-b793-e0f5abd8b24c,Nichole Eilert,neilert1o@google.com.hk
316abd44-7603-4a12-8fe6-40323e4fe2aa,Dickie O'Sheerin,dosheerin1p@ucsd.edu
2b4a9689-2942-48de-8916-08ba74060743,Fidelity Aitken,faitken1q@ebay.co.uk
94d22492-8fe1-4dfa-a3b7-df982fd70489,Kendra Dorre,kdorre1r@bandcamp.com
6dd37edd-6ab4-4b38-9482-fddc483fa174,Alvin Ayton,aayton1s@mail.ru
5109f97a-4410-4ca3-94dd-0cc8ff1c5e51,Alexine Birchner,abirchner1t@nature.com
e85596f2-4f3e-4af6-90b1-1426c20a72a6,Daisie Ellick,dellick1u@friendfeed.com
cd3631d0-7ce2-4340-92f3-41971f12babd,Kelcy Wolfendale,kwolfendale1v@domainmarket.com
5f653cef-a00a-47c0-bfbd-f443838ed95e,Rickie Tillman,rtillman1w@yandex.ru
e6289c84-223f-4926-9be2-84e0667af51e,Antony Junkison,ajunkison1x@noaa.gov
3a48ac14-7ae6-4d7d-81ed-6a9dd98527a6,Cindee Macrow,cmacrow1y@state.tx.us
6fef8457-9d78-496f-9494-ae13f8439a70,Hasheem Sterley,hsterley1z@homestead.com
0d541e88-21cd-4c55-8cfc-8a82977e1cf6,Ximenes Ungaretti,xungaretti20@xrea.com
a6501aad-da6c-4d29-97d8-cbbea3500c2b,Cherin Valde,cvalde21@blogtalkradio.com
610c2383-c08b-4b53-98aa-78ac0bc56658,Cacilia Faire,cfaire22@unc.edu
4a154be8-7973-4d67-9efb-7e338848ffcd,Clea Stuchberry,cstuchberry23@wufoo.com
74c21967-247c-4a3c-b62a-ba4c1210e8c0,Hyacinthe Gaymer,hgaymer24@home.pl
3813f7b7-1304-45e3-a386-b2451643c68e,Bell Jugging,bjugging25@dmoz.org
e6d7d383-3b1c-440a-8b9a-a3887a8d970b,Lorri Bricknall,lbricknall26@php.net
b70d3f9a-1b3f-4df8-9486-5451ff9baa7e,Kincaid Klimushev,kklimushev27@netscape.com
a4e18da3-50b8-449e-9624-6eafb95a1e60,Tiler Cotton,tcotton28@si.edu
8a57fb39-6583-429c-a92b-b86ddc6abf85,Oliy Harrad,oharrad29@hhs.gov
d6e8f71c-e847-4bb1-a1a3-69da3647a21c,Floris Birchett,fbirchett2a@ibm.com
e7e575b4-7603-4930-9c31-9565de6c8fab,Maryjo D'Antoni,mdantoni2b@samsung.com
ae6baef6-277a-444f-8924-93081536e375,Jenine Tayloe,jtayloe2c@seattletimes.com
7892837d-89d9-4ad1-876a-2dc0925ebd7e,Bess Methley,bmethley2d@webs.com
1ab87e6a-5160-4f80-9d76-f9f9d2c01fc6,Brunhilde Ilott,bilott2e@zimbio.com
d8aef229-fae0-4c86-8be7-805eef9657a1,Delcine Speares,dspeares2f@nifty.com
41aee7a0-763c-4cae-885b-d8be2e9e605d,Tobye Titcumb,ttitcumb2g@hc360.com
18add5e8-d504-432f-ba4a-27c8834cca09,Stephan Flacke,sflacke2h@multiply.com
e18ad4b5-52f2-463b-b875-94b9abf254f4,Kellsie Asche,kasche2i@jigsy.com
828a0457-1113-404d-bd29-887a3dc9c10e,Francois Fallawe,ffallawe2j@xing.com
04268b07-a8e9-48e4-a10a-d4a30a34d459,Hewitt Foakes,hfoakes2k@surveymonkey.com
6f9c53f2-4f32-45b6-8365-5d0ba9ed7343,Ernestine Towsey,etowsey2l@si.edu
e34bff5f-7761-458a-9566-8eedaeab5eb1,Emmet Norman,enorman2m@artisteer.com
1ab05063-6237-436e-a4f3-62e0c6c88e57,Alyse Cristofaro,acristofaro2n@omniture.com
d3e4c831-1b8f-4fbd-829e-db457edbf6b2,Barbie Franken,bfranken2o@discovery.com
041c0f90-b9c7-447f-aced-4806d978faab,Fancie Roman,froman2p@state.tx.us
3e1eec57-d292-445d-ad18-2820b286d2cc,Gladi Brozsset,gbrozsset2q@intel.com
8f83dfc8-2920-4757-bcc0-d9744e5b1afc,Carla Burton,cburton2r@devhub.com
